URL,Type,"Blog Category",ID
https://www.fireeye.com/blog/threat-research/2021/05/unc2529-triple-double-trifecta-phishing-campaign.html,blog,"Threat Research",/2021/05/unc2529-triple-double-trifecta-phishing-campaign.html
https://www.fireeye.com/blog/threat-research/2021/05/shining-a-light-on-darkside-ransomware-operations.html,blog,"Threat Research",/2021/05/shining-a-light-on-darkside-ransomware-operations.html
https://www.fireeye.com/blog/threat-research/2021/05/increasing-low-sophistication-operational-technology-compromises.html,blog,"Threat Research",/2021/05/increasing-low-sophistication-operational-technology-compromises.html
https://www.fireeye.com/blog/threat-research/2021/05/updates-on-chinese-apt-compromising-pulse-secure-vpn-devices.html,blog,"Threat Research",/2021/05/updates-on-chinese-apt-compromising-pulse-secure-vpn-devices.html
https://www.fireeye.com/blog/threat-research/2021/06/darkside-affiliate-supply-chain-software-compromise.html,blog,"Threat Research",/2021/06/darkside-affiliate-supply-chain-software-compromise.html
https://www.fireeye.com/blog/threat-research/2021/07/capa-2-better-stronger-faster.html,blog,"Threat Research",/2021/07/capa-2-better-stronger-faster.html
https://www.fireeye.com/blog/products-and-services/2021/05/managed-defense-now-supports-microsoft-defender-for-endpoint.html,blog,"Mandiant Stories",/2021/05/managed-defense-now-supports-microsoft-defender-for-endpoint.html
https://www.fireeye.com/blog/products-and-services/2021/05/prove-value-of-security-investments-instill-confidence-across-organization.html,blog,"Mandiant Stories",/2021/05/prove-value-of-security-investments-instill-confidence-across-organization.html
https://www.fireeye.com/blog/products-and-services/2021/05/information-storage-management-provider-maximizes-security-value-mandiant-security-validation.html,blog,"Mandiant Stories",/2021/05/information-storage-management-provider-maximizes-security-value-mandiant-security-validation.html
https://www.fireeye.com/blog/products-and-services/2021/05/mandiant-advantage-browser-plugin-insights-expertise-intelligence.html,blog,"Mandiant Stories",/2021/05/mandiant-advantage-browser-plugin-insights-expertise-intelligence.html
https://www.fireeye.com/blog/products-and-services/2021/05/how-mandiant-is-helping-governments-build-cyber-capacity.html,blog,"Mandiant Stories",/2021/05/how-mandiant-is-helping-governments-build-cyber-capacity.html
https://www.fireeye.com/blog/products-and-services/2021/05/lower-risk-digital-transformation-leads-to-costly-breach.html,blog,"Mandiant Stories",/2021/05/lower-risk-digital-transformation-leads-to-costly-breach.html
https://www.fireeye.com/blog/products-and-services/2021/06/bringing-clarity-to-gov-cyber-security-challenge-with-xdr.html,blog,"Mandiant Stories",/2021/06/bringing-clarity-to-gov-cyber-security-challenge-with-xdr.html
https://www.fireeye.com/blog/products-and-services/2021/06/new-future-for-fireeye-and-mandiant-accelerating-opportunities.html,blog,"Mandiant Stories",/2021/06/new-future-for-fireeye-and-mandiant-accelerating-opportunities.html
https://www.fireeye.com/blog/products-and-services/2021/06/when-it-comes-to-security-validation-bas-is-not-enough.html,blog,"Mandiant Stories",/2021/06/when-it-comes-to-security-validation-bas-is-not-enough.html
https://www.fireeye.com/blog/products-and-services/2021/06/effective-on-demand-cyber-intelligence-training.html,blog,"Mandiant Stories",/2021/06/effective-on-demand-cyber-intelligence-training.html
https://www.fireeye.com/blog/products-and-services/2021/06/prove-your-next-cyber-investment-addresses-most-risk.html,blog,"Mandiant Stories",/2021/06/prove-your-next-cyber-investment-addresses-most-risk.html
https://www.fireeye.com/blog/products-and-services/2021/06/lighten-the-load-with-xdr-for-better-threat-detection.html,blog,"Mandiant Stories",/2021/06/lighten-the-load-with-xdr-for-better-threat-detection.html
https://www.fireeye.com/blog/products-and-services/2021/07/fostering-cti-development-with-mandiant-intelligence-services.html,blog,"Mandiant Stories",/2021/07/fostering-cti-development-with-mandiant-intelligence-services.html
https://www.fireeye.com/blog/products-and-services/2021/07/mandiant-saves-restaurant-company-millions-by-avoiding-ransomware.html,blog,"Mandiant Stories",/2021/07/mandiant-saves-restaurant-company-millions-by-avoiding-ransomware.html
https://www.fireeye.com/blog/executive-perspective/2021/05/pandemic-impacts-to-the-cyber-threat-landscape.html,blog,"Industry Perspectives",/2021/05/pandemic-impacts-to-the-cyber-threat-landscape.html
https://www.fireeye.com/blog/executive-perspective/2021/05/top-cyber-threats-to-latin-america-and-the-caribbean.html,blog,"Industry Perspectives",/2021/05/top-cyber-threats-to-latin-america-and-the-caribbean.html
https://www.fireeye.com/blog/executive-perspective/2021/06/low-sophistication-threat-actors-continue-to-target-ot.html,blog,"Industry Perspectives",/2021/06/low-sophistication-threat-actors-continue-to-target-ot.html
https://www.fireeye.com/blog/threat-research/2010/06/web-historian-reloaded.html,blog,"threat research",/2010/06/web-historian-reloaded.html
https://www.fireeye.com/blog/threat-research/2010/07/malware-persistence-windows-registry.html,blog,"threat research",/2010/07/malware-persistence-windows-registry.html
https://www.fireeye.com/blog/threat-research/2010/08/reversing-malware-command-control-sockets.html,blog,"threat research",/2010/08/reversing-malware-command-control-sockets.html
https://www.fireeye.com/blog/threat-research/2010/09/chasing-cnc-servers-part-2.html,blog,"threat research",/2010/09/chasing-cnc-servers-part-2.html
https://www.fireeye.com/blog/threat-research/2011/07/parsing-registry-hives-python.html,blog,"threat research",/2011/07/parsing-registry-hives-python.html
https://www.fireeye.com/blog/threat-research/2012/11/precalculated-string-hashes-reverse-engineering-shellcode.html,blog,"threat research",/2012/11/precalculated-string-hashes-reverse-engineering-shellcode.html
https://www.fireeye.com/blog/threat-research/2013/02/mandiant-exposes-apt1-chinas-cyber-espionage-units.html,blog,"threat research",/2013/02/mandiant-exposes-apt1-chinas-cyber-espionage-units.html
https://www.fireeye.com/blog/threat-research/2013/04/malware-callbacks.html,blog,"threat research",/2013/04/malware-callbacks.html
https://www.fireeye.com/blog/threat-research/2013/08/breaking-down-the-china-chopper-web-shell-part-i.html,blog,"threat research",/2013/08/breaking-down-the-china-chopper-web-shell-part-i.html
https://www.fireeye.com/blog/threat-research/2013/08/breaking-down-the-china-chopper-web-shell-part-ii.html,blog,"threat research",/2013/08/breaking-down-the-china-chopper-web-shell-part-ii.html
https://www.fireeye.com/blog/threat-research/2013/08/execute.html,blog,"threat research",/2013/08/execute.html
https://www.fireeye.com/blog/threat-research/2013/09/evasive-tactics-taidoor-3.html,blog,"threat research",/2013/09/evasive-tactics-taidoor-3.html
https://www.fireeye.com/blog/threat-research/2013/09/now-you-see-me-h-worm-by-houdini.html,blog,"threat research",/2013/09/now-you-see-me-h-worm-by-houdini.html
https://www.fireeye.com/blog/threat-research/2013/10/openioc-basics.html,blog,"threat research",/2013/10/openioc-basics.html
https://www.fireeye.com/blog/threat-research/2014/01/tracking-malware-import-hashing.html,blog,"threat research",/2014/01/tracking-malware-import-hashing.html
https://www.fireeye.com/blog/threat-research/2014/02/xtremerat-nuisance-or-threat.html,blog,"threat research",/2014/02/xtremerat-nuisance-or-threat.html
https://www.fireeye.com/blog/threat-research/2014/04/attackers-exploit-heartbleed-openssl-vulnerability.html,blog,"threat research",/2014/04/attackers-exploit-heartbleed-openssl-vulnerability.html
https://www.fireeye.com/blog/threat-research/2014/04/dll-side-loading-another-blind-spot-for-anti-virus.html,blog,"threat research",/2014/04/dll-side-loading-another-blind-spot-for-anti-virus.html
https://www.fireeye.com/blog/threat-research/2014/09/darwins-favorite-apt-group-2.html,blog,"threat research",/2014/09/darwins-favorite-apt-group-2.html
https://www.fireeye.com/blog/threat-research/2014/10/apt28-a-window-into-russias-cyber-espionage-operations.html,blog,"threat research",/2014/10/apt28-a-window-into-russias-cyber-espionage-operations.html
https://www.fireeye.com/blog/threat-research/2014/11/operation_doubletap.html,blog,"threat research",/2014/11/operation_doubletap.html
https://www.fireeye.com/blog/threat-research/2014/11/the_flare_on_challen.html,blog,"threat research",/2014/11/the_flare_on_challen.html
https://www.fireeye.com/blog/threat-research/2015/01/flare_ida_pro_script.html,blog,"threat research",/2015/01/flare_ida_pro_script.html
https://www.fireeye.com/blog/threat-research/2015/04/a_new_word_document.html,blog,"threat research",/2015/04/a_new_word_document.html
https://www.fireeye.com/blog/threat-research/2015/04/probable_apt28_useo.html,blog,"threat research",/2015/04/probable_apt28_useo.html
https://www.fireeye.com/blog/threat-research/2015/06/caching_out_the_val.html,blog,"threat research",/2015/06/caching_out_the_val.html
https://www.fireeye.com/blog/threat-research/2015/06/operation-clandestine-wolf-adobe-flash-zero-day.html,blog,"threat research",/2015/06/operation-clandestine-wolf-adobe-flash-zero-day.html
https://www.fireeye.com/blog/threat-research/2015/07/demonstrating_hustle.html,blog,"threat research",/2015/07/demonstrating_hustle.html
https://www.fireeye.com/blog/threat-research/2015/08/malware_lateral_move.html,blog,"threat research",/2015/08/malware_lateral_move.html
https://www.fireeye.com/blog/threat-research/2015/09/synful_knock_-_acis.html,blog,"threat research",/2015/09/synful_knock_-_acis.html
https://www.fireeye.com/blog/threat-research/2015/11/china-based-threat.html,blog,"threat research",/2015/11/china-based-threat.html
https://www.fireeye.com/blog/threat-research/2016/01/ukraine-and-sandworm-team.html,blog,"threat research",/2016/01/ukraine-and-sandworm-team.html
https://www.fireeye.com/blog/threat-research/2016/02/greater_visibilityt.html,blog,"threat research",/2016/02/greater_visibilityt.html
https://www.fireeye.com/blog/threat-research/2016/03/99_problems_but_two-.html,blog,"threat research",/2016/03/99_problems_but_two-.html
https://www.fireeye.com/blog/threat-research/2016/05/deobfuscating_python.html,blog,"threat research",/2016/05/deobfuscating_python.html
https://www.fireeye.com/blog/threat-research/2016/05/how_rtf_malware_evad.html,blog,"threat research",/2016/05/how_rtf_malware_evad.html
https://www.fireeye.com/blog/threat-research/2016/05/windows-zero-day-payment-cards.html,blog,"threat research",/2016/05/windows-zero-day-payment-cards.html
https://www.fireeye.com/blog/threat-research/2016/06/automatically-extracting-obfuscated-strings.html,blog,"threat research",/2016/06/automatically-extracting-obfuscated-strings.html
https://www.fireeye.com/blog/threat-research/2016/06/latest-android-overlay-malware-spreading-in-europe.html,blog,"threat research",/2016/06/latest-android-overlay-malware-spreading-in-europe.html
https://www.fireeye.com/blog/threat-research/2016/08/embedded_hardwareha.html,blog,"threat research",/2016/08/embedded_hardwareha.html
https://www.fireeye.com/blog/threat-research/2016/08/fakenet-ng_next_gen.html,blog,"threat research",/2016/08/fakenet-ng_next_gen.html
https://www.fireeye.com/blog/threat-research/2016/08/wmi_vs_wmi_monitor.html,blog,"threat research",/2016/08/wmi_vs_wmi_monitor.html
https://www.fireeye.com/blog/threat-research/2016/09/hancitor_aka_chanit.html,blog,"threat research",/2016/09/hancitor_aka_chanit.html
https://www.fireeye.com/blog/threat-research/2017/01/new_ploutus_variant.html,blog,"threat research",/2017/01/new_ploutus_variant.html
https://www.fireeye.com/blog/threat-research/2017/03/apt29_domain_frontin.html,blog,"threat research",/2017/03/apt29_domain_frontin.html
https://www.fireeye.com/blog/threat-research/2017/03/dissecting_one_ofap.html,blog,"threat research",/2017/03/dissecting_one_ofap.html
https://www.fireeye.com/blog/threat-research/2017/03/introducing_monitor.html,blog,"threat research",/2017/03/introducing_monitor.html
https://www.fireeye.com/blog/threat-research/2017/03/introduction_to_reve.html,blog,"threat research",/2017/03/introduction_to_reve.html
https://www.fireeye.com/blog/threat-research/2017/04/apt10_menupass_grou.html,blog,"threat research",/2017/04/apt10_menupass_grou.html
https://www.fireeye.com/blog/threat-research/2017/04/cve-2017-0199-hta-handler.html,blog,"threat research",/2017/04/cve-2017-0199-hta-handler.html
https://www.fireeye.com/blog/threat-research/2017/04/fin7-phishing-lnk.html,blog,"threat research",/2017/04/fin7-phishing-lnk.html
https://www.fireeye.com/blog/threat-research/2017/05/cyber-espionage-apt32.html,blog,"threat research",/2017/05/cyber-espionage-apt32.html
https://www.fireeye.com/blog/threat-research/2017/05/eps-processing-zero-days.html,blog,"threat research",/2017/05/eps-processing-zero-days.html
https://www.fireeye.com/blog/threat-research/2017/05/fin7-shim-databases-persistence.html,blog,"threat research",/2017/05/fin7-shim-databases-persistence.html
https://www.fireeye.com/blog/threat-research/2017/05/smb-exploited-wannacry-use-of-eternalblue.html,blog,"threat research",/2017/05/smb-exploited-wannacry-use-of-eternalblue.html
https://www.fireeye.com/blog/threat-research/2017/05/wannacry-malware-profile.html,blog,"threat research",/2017/05/wannacry-malware-profile.html
https://www.fireeye.com/blog/threat-research/2017/06/behind-the-carbanak-backdoor.html,blog,"threat research",/2017/06/behind-the-carbanak-backdoor.html
https://www.fireeye.com/blog/threat-research/2017/06/phished-at-the-request-of-counsel.html,blog,"threat research",/2017/06/phished-at-the-request-of-counsel.html
https://www.fireeye.com/blog/threat-research/2017/07/flare-vm-the-windows-malware.html,blog,"threat research",/2017/07/flare-vm-the-windows-malware.html
https://www.fireeye.com/blog/threat-research/2017/08/monitoring-windows-console-activity-part-one.html,blog,"threat research",/2017/08/monitoring-windows-console-activity-part-one.html
https://www.fireeye.com/blog/threat-research/2017/09/apt33-insights-into-iranian-cyber-espionage.html,blog,"threat research",/2017/09/apt33-insights-into-iranian-cyber-espionage.html
https://www.fireeye.com/blog/threat-research/2017/09/zero-day-used-to-distribute-finspy.html,blog,"threat research",/2017/09/zero-day-used-to-distribute-finspy.html
https://www.fireeye.com/blog/threat-research/2017/10/2017-flare-on-challenge-solutions.html,blog,"threat research",/2017/10/2017-flare-on-challenge-solutions.html
https://www.fireeye.com/blog/threat-research/2017/10/formbook-malware-distribution-campaigns.html,blog,"threat research",/2017/10/formbook-malware-distribution-campaigns.html
https://www.fireeye.com/blog/threat-research/2017/12/attackers-deploy-new-ics-attack-framework-triton.html,blog,"threat research",/2017/12/attackers-deploy-new-ics-attack-framework-triton.html
https://www.fireeye.com/blog/threat-research/2017/12/targeted-attack-in-middle-east-by-apt34.html,blog,"threat research",/2017/12/targeted-attack-in-middle-east-by-apt34.html
https://www.fireeye.com/blog/threat-research/2018/01/debugging-complex-malware-that-executes-code-on-the-heap.html,blog,"threat research",/2018/01/debugging-complex-malware-that-executes-code-on-the-heap.html
https://www.fireeye.com/blog/threat-research/2018/02/apt37-overlooked-north-korean-actor.html,blog,"threat research",/2018/02/apt37-overlooked-north-korean-actor.html
https://www.fireeye.com/blog/threat-research/2018/02/reelphish-real-time-two-factor-phishing-tool.html,blog,"threat research",/2018/02/reelphish-real-time-two-factor-phishing-tool.html
https://www.fireeye.com/blog/threat-research/2018/03/dosfuscation-exploring-obfuscation-and-detection-techniques.html,blog,"threat research",/2018/03/dosfuscation-exploring-obfuscation-and-detection-techniques.html
https://www.fireeye.com/blog/threat-research/2018/03/iranian-threat-group-updates-ttps-in-spear-phishing-campaign.html,blog,"threat research",/2018/03/iranian-threat-group-updates-ttps-in-spear-phishing-campaign.html
https://www.fireeye.com/blog/threat-research/2018/03/suspected-chinese-espionage-group-targeting-maritime-and-engineering-industries.html,blog,"threat research",/2018/03/suspected-chinese-espionage-group-targeting-maritime-and-engineering-industries.html
https://www.fireeye.com/blog/threat-research/2018/05/deep-dive-into-rig-exploit-kit-delivering-grobios-trojan.html,blog,"threat research",/2018/05/deep-dive-into-rig-exploit-kit-delivering-grobios-trojan.html
https://www.fireeye.com/blog/threat-research/2018/05/shining-a-light-on-oauth-abuse-with-pwnauth.html,blog,"threat research",/2018/05/shining-a-light-on-oauth-abuse-with-pwnauth.html
https://www.fireeye.com/blog/threat-research/2018/06/bring-your-own-land-novel-red-teaming-technique.html,blog,"threat research",/2018/06/bring-your-own-land-novel-red-teaming-technique.html
https://www.fireeye.com/blog/threat-research/2018/06/build-machine-learning-models-for-the-soc.html,blog,"threat research",/2018/06/build-machine-learning-models-for-the-soc.html
https://www.fireeye.com/blog/threat-research/2018/07/chinese-espionage-group-targets-cambodia-ahead-of-elections.html,blog,"threat research",/2018/07/chinese-espionage-group-targets-cambodia-ahead-of-elections.html
https://www.fireeye.com/blog/threat-research/2018/07/malicious-powershell-detection-via-machine-learning.html,blog,"threat research",/2018/07/malicious-powershell-detection-via-machine-learning.html
https://www.fireeye.com/blog/threat-research/2018/08/fin7-pursuing-an-enigmatic-and-evasive-global-criminal-operation.html,blog,"threat research",/2018/08/fin7-pursuing-an-enigmatic-and-evasive-global-criminal-operation.html
https://www.fireeye.com/blog/threat-research/2018/08/suspected-iranian-influence-operation.html,blog,"threat research",/2018/08/suspected-iranian-influence-operation.html
https://www.fireeye.com/blog/threat-research/2018/09/apt10-targeting-japanese-corporations-using-updated-ttps.html,blog,"threat research",/2018/09/apt10-targeting-japanese-corporations-using-updated-ttps.html
https://www.fireeye.com/blog/threat-research/2018/09/fallout-exploit-kit-used-in-malvertising-campaign-to-deliver-gandcrab-ransomware.html,blog,"threat research",/2018/09/fallout-exploit-kit-used-in-malvertising-campaign-to-deliver-gandcrab-ransomware.html
https://www.fireeye.com/blog/threat-research/2018/09/increased-use-of-delphi-packer-to-evade-malware-classification.html,blog,"threat research",/2018/09/increased-use-of-delphi-packer-to-evade-malware-classification.html
https://www.fireeye.com/blog/threat-research/2018/10/2018-flare-on-challenge-solutions.html,blog,"threat research",/2018/10/2018-flare-on-challenge-solutions.html
https://www.fireeye.com/blog/threat-research/2018/10/apt38-details-on-new-north-korean-regime-backed-threat-group.html,blog,"threat research",/2018/10/apt38-details-on-new-north-korean-regime-backed-threat-group.html
https://www.fireeye.com/blog/threat-research/2018/10/triton-attribution-russian-government-owned-lab-most-likely-built-tools.html,blog,"threat research",/2018/10/triton-attribution-russian-government-owned-lab-most-likely-built-tools.html
https://www.fireeye.com/blog/threat-research/2018/11/flare-vm-update.html,blog,"threat research",/2018/11/flare-vm-update.html
https://www.fireeye.com/blog/threat-research/2018/11/not-so-cozy-an-uncomfortable-examination-of-a-suspected-apt29-phishing-campaign.html,blog,"threat research",/2018/11/not-so-cozy-an-uncomfortable-examination-of-a-suspected-apt29-phishing-campaign.html
https://www.fireeye.com/blog/threat-research/2018/11/obfuscated-command-line-detection-using-machine-learning.html,blog,"threat research",/2018/11/obfuscated-command-line-detection-using-machine-learning.html
https://www.fireeye.com/blog/threat-research/2018/12/overruled-containing-a-potentially-destructive-adversary.html,blog,"threat research",/2018/12/overruled-containing-a-potentially-destructive-adversary.html
https://www.fireeye.com/blog/threat-research/2018/12/what-are-deep-neural-networks-learning-about-malware.html,blog,"threat research",/2018/12/what-are-deep-neural-networks-learning-about-malware.html
https://www.fireeye.com/blog/threat-research/2019/01/a-nasty-trick-from-credential-theft-malware-to-business-disruption.html,blog,"threat research",/2019/01/a-nasty-trick-from-credential-theft-malware-to-business-disruption.html
https://www.fireeye.com/blog/threat-research/2019/01/apt39-iranian-cyber-espionage-group-focused-on-personal-information.html,blog,"threat research",/2019/01/apt39-iranian-cyber-espionage-group-focused-on-personal-information.html
https://www.fireeye.com/blog/threat-research/2019/01/bypassing-network-restrictions-through-rdp-tunneling.html,blog,"threat research",/2019/01/bypassing-network-restrictions-through-rdp-tunneling.html
https://www.fireeye.com/blog/threat-research/2019/01/cryptocurrency-blockchain-networks-facing-new-security-paradigms.html,blog,"threat research",/2019/01/cryptocurrency-blockchain-networks-facing-new-security-paradigms.html
https://www.fireeye.com/blog/threat-research/2019/01/digging-up-the-past-windows-registry-forensics-revisited.html,blog,"threat research",/2019/01/digging-up-the-past-windows-registry-forensics-revisited.html
https://www.fireeye.com/blog/threat-research/2019/01/global-dns-hijacking-campaign-dns-record-manipulation-at-scale.html,blog,"threat research",/2019/01/global-dns-hijacking-campaign-dns-record-manipulation-at-scale.html
https://www.fireeye.com/blog/threat-research/2019/03/apt40-examining-a-china-nexus-espionage-actor.html,blog,"threat research",/2019/03/apt40-examining-a-china-nexus-espionage-actor.html
https://www.fireeye.com/blog/threat-research/2019/03/clustering-and-associating-attacker-activity-at-scale.html,blog,"threat research",/2019/03/clustering-and-associating-attacker-activity-at-scale.html
https://www.fireeye.com/blog/threat-research/2019/03/commando-vm-windows-offensive-distribution.html,blog,"threat research",/2019/03/commando-vm-windows-offensive-distribution.html
https://www.fireeye.com/blog/threat-research/2019/03/silketw-because-free-telemetry-is-free.html,blog,"threat research",/2019/03/silketw-because-free-telemetry-is-free.html
https://www.fireeye.com/blog/threat-research/2019/04/carbanak-week-part-one-a-rare-occurrence.html,blog,"threat research",/2019/04/carbanak-week-part-one-a-rare-occurrence.html
https://www.fireeye.com/blog/threat-research/2019/04/pick-six-intercepting-a-fin6-intrusion.html,blog,"threat research",/2019/04/pick-six-intercepting-a-fin6-intrusion.html
https://www.fireeye.com/blog/threat-research/2019/04/triton-actor-ttp-profile-custom-attack-tools-detections.html,blog,"threat research",/2019/04/triton-actor-ttp-profile-custom-attack-tools-detections.html
https://www.fireeye.com/blog/threat-research/2019/06/hunting-com-objects.html,blog,"threat research",/2019/06/hunting-com-objects.html
https://www.fireeye.com/blog/threat-research/2019/07/finding-evil-in-windows-ten-compressed-memory-part-one.html,blog,"threat research",/2019/07/finding-evil-in-windows-ten-compressed-memory-part-one.html
https://www.fireeye.com/blog/threat-research/2019/07/hard-pass-declining-apt34-invite-to-join-their-professional-network.html,blog,"threat research",/2019/07/hard-pass-declining-apt34-invite-to-join-their-professional-network.html
https://www.fireeye.com/blog/threat-research/2019/08/apt41-dual-espionage-and-cyber-crime-operation.html,blog,"threat research",/2019/08/apt41-dual-espionage-and-cyber-crime-operation.html
https://www.fireeye.com/blog/threat-research/2019/08/commando-vm-customization-containers-kali.html,blog,"threat research",/2019/08/commando-vm-customization-containers-kali.html
https://www.fireeye.com/blog/threat-research/2019/08/definitive-dossier-of-devilish-debug-details-part-one-pdb-paths-malware.html,blog,"threat research",/2019/08/definitive-dossier-of-devilish-debug-details-part-one-pdb-paths-malware.html
https://www.fireeye.com/blog/threat-research/2019/08/game-over-detecting-and-stopping-an-apt41-operation.html,blog,"threat research",/2019/08/game-over-detecting-and-stopping-an-apt41-operation.html
https://www.fireeye.com/blog/threat-research/2019/09/2019-flare-on-challenge-solutions.html,blog,"threat research",/2019/09/2019-flare-on-challenge-solutions.html
https://www.fireeye.com/blog/threat-research/2019/09/ontology-understand-assess-operational-technology-cyber-incidents.html,blog,"threat research",/2019/09/ontology-understand-assess-operational-technology-cyber-incidents.html
https://www.fireeye.com/blog/threat-research/2019/09/ransomware-protection-and-containment-strategies.html,blog,"threat research",/2019/09/ransomware-protection-and-containment-strategies.html
https://www.fireeye.com/blog/threat-research/2019/09/sharpersist-windows-persistence-toolkit.html,blog,"threat research",/2019/09/sharpersist-windows-persistence-toolkit.html
https://www.fireeye.com/blog/threat-research/2019/10/head-fake-tackling-disruptive-ransomware-attacks.html,blog,"threat research",/2019/10/head-fake-tackling-disruptive-ransomware-attacks.html
https://www.fireeye.com/blog/threat-research/2019/10/mahalo-fin7-responding-to-new-tools-and-techniques.html,blog,"threat research",/2019/10/mahalo-fin7-responding-to-new-tools-and-techniques.html
https://www.fireeye.com/blog/threat-research/2019/10/messagetap-who-is-reading-your-text-messages.html,blog,"threat research",/2019/10/messagetap-who-is-reading-your-text-messages.html
https://www.fireeye.com/blog/threat-research/2019/10/shikata-ga-nai-encoder-still-going-strong.html,blog,"threat research",/2019/10/shikata-ga-nai-encoder-still-going-strong.html
https://www.fireeye.com/blog/threat-research/2019/10/staying-hidden-on-the-endpoint-evading-detection-with-shellcode.html,blog,"threat research",/2019/10/staying-hidden-on-the-endpoint-evading-detection-with-shellcode.html
https://www.fireeye.com/blog/threat-research/2019/12/breaking-the-rules-tough-outlook-for-home-page-attacks.html,blog,"threat research",/2019/12/breaking-the-rules-tough-outlook-for-home-page-attacks.html
https://www.fireeye.com/blog/threat-research/2019/12/fireeye-approach-to-operational-technology-security.html,blog,"threat research",/2019/12/fireeye-approach-to-operational-technology-security.html
https://www.fireeye.com/blog/threat-research/2019/12/tips-and-tricks-to-analyze-data-with-microsoft-excel.html,blog,"threat research",/2019/12/tips-and-tricks-to-analyze-data-with-microsoft-excel.html
https://www.fireeye.com/blog/threat-research/2020/01/abusing-dll-misconfigurations.html,blog,"threat research",/2020/01/abusing-dll-misconfigurations.html
https://www.fireeye.com/blog/threat-research/2020/01/saigon-mysterious-ursnif-fork.html,blog,"threat research",/2020/01/saigon-mysterious-ursnif-fork.html
https://www.fireeye.com/blog/threat-research/2020/01/stomp-2-dis-brilliance-in-the-visual-basics.html,blog,"threat research",/2020/01/stomp-2-dis-brilliance-in-the-visual-basics.html
https://www.fireeye.com/blog/threat-research/2020/01/vigilante-deploying-mitigation-for-citrix-netscaler-vulnerability-while-maintaining-backdoor.html,blog,"threat research",/2020/01/vigilante-deploying-mitigation-for-citrix-netscaler-vulnerability-while-maintaining-backdoor.html
https://www.fireeye.com/blog/threat-research/2020/02/mtrends-2020-insights-from-the-front-lines.html,blog,"threat research",/2020/02/mtrends-2020-insights-from-the-front-lines.html
https://www.fireeye.com/blog/threat-research/2020/02/ransomware-against-machine-learning-to-disrupt-industrial-production.html,blog,"threat research",/2020/02/ransomware-against-machine-learning-to-disrupt-industrial-production.html
https://www.fireeye.com/blog/threat-research/2020/02/the-missing-lnk-correlating-user-search-lnk-files.html,blog,"threat research",/2020/02/the-missing-lnk-correlating-user-search-lnk-files.html
https://www.fireeye.com/blog/threat-research/2020/03/apt41-initiates-global-intrusion-campaign-using-multiple-exploits.html,blog,"threat research",/2020/03/apt41-initiates-global-intrusion-campaign-using-multiple-exploits.html
https://www.fireeye.com/blog/threat-research/2020/03/crescendo-real-time-event-viewer-for-macos.html,blog,"threat research",/2020/03/crescendo-real-time-event-viewer-for-macos.html
https://www.fireeye.com/blog/threat-research/2020/03/monitoring-ics-cyber-operation-tools-and-software-exploit-modules.html,blog,"threat research",/2020/03/monitoring-ics-cyber-operation-tools-and-software-exploit-modules.html
https://www.fireeye.com/blog/threat-research/2020/03/six-facts-about-address-space-layout-randomization-on-windows.html,blog,"threat research",/2020/03/six-facts-about-address-space-layout-randomization-on-windows.html
https://www.fireeye.com/blog/threat-research/2020/03/the-cycle-of-adversary-pursuit.html,blog,"threat research",/2020/03/the-cycle-of-adversary-pursuit.html
https://www.fireeye.com/blog/threat-research/2020/03/they-come-in-the-night-ransomware-deployment-trends.html,blog,"threat research",/2020/03/they-come-in-the-night-ransomware-deployment-trends.html
https://www.fireeye.com/blog/threat-research/2020/04/apt32-targeting-chinese-government-in-covid-19-related-espionage.html,blog,"threat research",/2020/04/apt32-targeting-chinese-government-in-covid-19-related-espionage.html
https://www.fireeye.com/blog/threat-research/2020/04/excelerating-analysis-lookup-pivot.html,blog,"threat research",/2020/04/excelerating-analysis-lookup-pivot.html
https://www.fireeye.com/blog/threat-research/2020/04/improving-dynamic-malware-analysis-with-cheat-codes-for-fakenet-ng.html,blog,"threat research",/2020/04/improving-dynamic-malware-analysis-with-cheat-codes-for-fakenet-ng.html
https://www.fireeye.com/blog/threat-research/2020/04/kerberos-tickets-on-linux-red-teams.html,blog,"threat research",/2020/04/kerberos-tickets-on-linux-red-teams.html
https://www.fireeye.com/blog/threat-research/2020/04/time-between-disclosure-patch-release-and-vulnerability-exploitation.html,blog,"threat research",/2020/04/time-between-disclosure-patch-release-and-vulnerability-exploitation.html
https://www.fireeye.com/blog/threat-research/2020/04/zero-day-exploitation-demonstrates-access-to-money-not-skill.html,blog,"threat research",/2020/04/zero-day-exploitation-demonstrates-access-to-money-not-skill.html
https://www.fireeye.com/blog/threat-research/2020/05/analyzing-dark-crystal-rat-backdoor.html,blog,"threat research",/2020/05/analyzing-dark-crystal-rat-backdoor.html
https://www.fireeye.com/blog/threat-research/2020/05/tactics-techniques-procedures-associated-with-maze-ransomware-incidents.html,blog,"threat research",/2020/05/tactics-techniques-procedures-associated-with-maze-ransomware-incidents.html
https://www.fireeye.com/blog/threat-research/2020/05/using-real-time-events-in-investigations.html,blog,"threat research",/2020/05/using-real-time-events-in-investigations.html
https://www.fireeye.com/blog/threat-research/2020/07/capa-automatically-identify-malware-capabilities.html,blog,"threat research",/2020/07/capa-automatically-identify-malware-capabilities.html
https://www.fireeye.com/blog/threat-research/2020/07/financially-motivated-actors-are-expanding-access-into-ot.html,blog,"threat research",/2020/07/financially-motivated-actors-are-expanding-access-into-ot.html
https://www.fireeye.com/blog/threat-research/2020/07/ghostwriter-influence-campaign.html,blog,"threat research",/2020/07/ghostwriter-influence-campaign.html
https://www.fireeye.com/blog/threat-research/2020/07/insights-into-office-365-attacks-and-how-managed-defense-investigates.html,blog,"threat research",/2020/07/insights-into-office-365-attacks-and-how-managed-defense-investigates.html
https://www.fireeye.com/blog/threat-research/2020/07/scandalous-external-detection-using-network-scan-data-and-automation.html,blog,"threat research",/2020/07/scandalous-external-detection-using-network-scan-data-and-automation.html
https://www.fireeye.com/blog/threat-research/2020/08/announcing-the-seventh-annual-flare-on-challenge.html,blog,"threat research",/2020/08/announcing-the-seventh-annual-flare-on-challenge.html
https://www.fireeye.com/blog/threat-research/2020/08/bypassing-masslogger-anti-analysis-man-in-the-middle-approach.html,blog,"threat research",/2020/08/bypassing-masslogger-anti-analysis-man-in-the-middle-approach.html
https://www.fireeye.com/blog/threat-research/2020/08/emulation-of-malicious-shellcode-with-speakeasy.html,blog,"threat research",/2020/08/emulation-of-malicious-shellcode-with-speakeasy.html
https://www.fireeye.com/blog/threat-research/2020/08/hands-on-introduction-to-mandiant-approach-to-ot-red-teaming.html,blog,"threat research",/2020/08/hands-on-introduction-to-mandiant-approach-to-ot-red-teaming.html
https://www.fireeye.com/blog/threat-research/2020/08/repurposing-neural-networks-to-generate-synthetic-media-for-information-operations.html,blog,"threat research",/2020/08/repurposing-neural-networks-to-generate-synthetic-media-for-information-operations.html
https://www.fireeye.com/blog/threat-research/2020/09/detecting-microsoft-365-azure-active-directory-backdoors.html,blog,"threat research",/2020/09/detecting-microsoft-365-azure-active-directory-backdoors.html
https://www.fireeye.com/blog/threat-research/2020/09/dfur-ent-perspective-on-threat-modeling-and-application-log-forensic-analysis.html,blog,"threat research",/2020/09/dfur-ent-perspective-on-threat-modeling-and-application-log-forensic-analysis.html
https://www.fireeye.com/blog/threat-research/2020/09/fuzzing-image-parsing-in-windows-color-profiles.html,blog,"threat research",/2020/09/fuzzing-image-parsing-in-windows-color-profiles.html
https://www.fireeye.com/blog/threat-research/2020/10/fin11-email-campaigns-precursor-for-ransomware-data-theft.html,blog,"threat research",/2020/10/fin11-email-campaigns-precursor-for-ransomware-data-theft.html
https://www.fireeye.com/blog/threat-research/2020/10/flare-on-7-challenge-solutions.html,blog,"threat research",/2020/10/flare-on-7-challenge-solutions.html
https://www.fireeye.com/blog/threat-research/2020/10/kegtap-and-singlemalt-with-a-ransomware-chaser.html,blog,"threat research",/2020/10/kegtap-and-singlemalt-with-a-ransomware-chaser.html
https://www.fireeye.com/blog/threat-research/2020/10/threatpursuit-vm-threat-intelligence-and-hunting-virtual-machine.html,blog,"threat research",/2020/10/threatpursuit-vm-threat-intelligence-and-hunting-virtual-machine.html
https://www.fireeye.com/blog/threat-research/2020/11/critical-buffer-overflow-vulnerability-in-solaris-can-allow-remote-takeover.html,blog,"threat research",/2020/11/critical-buffer-overflow-vulnerability-in-solaris-can-allow-remote-takeover.html
https://www.fireeye.com/blog/threat-research/2020/11/election-cyber-threats-in-the-asia-pacific-region.html,blog,"threat research",/2020/11/election-cyber-threats-in-the-asia-pacific-region.html
https://www.fireeye.com/blog/threat-research/2020/11/live-off-the-land-an-overview-of-unc1945.html,blog,"threat research",/2020/11/live-off-the-land-an-overview-of-unc1945.html
https://www.fireeye.com/blog/threat-research/2020/11/purgalicious-vba-macro-obfuscation-with-vba-purging.html,blog,"threat research",/2020/11/purgalicious-vba-macro-obfuscation-with-vba-purging.html
https://www.fireeye.com/blog/threat-research/2020/11/wow64-subsystem-internals-and-hooking-techniques.html,blog,"threat research",/2020/11/wow64-subsystem-internals-and-hooking-techniques.html
https://www.fireeye.com/blog/threat-research/2020/12/evasive-attacker-leverages-solarwinds-supply-chain-compromises-with-sunburst-backdoor.html,blog,"threat research",/2020/12/evasive-attacker-leverages-solarwinds-supply-chain-compromises-with-sunburst-backdoor.html
https://www.fireeye.com/blog/threat-research/2020/12/sunburst-additional-technical-details.html,blog,"threat research",/2020/12/sunburst-additional-technical-details.html
https://www.fireeye.com/blog/threat-research/2020/12/unauthorized-access-of-fireeye-red-team-tools.html,blog,"threat research",/2020/12/unauthorized-access-of-fireeye-red-team-tools.html
https://www.fireeye.com/blog/threat-research/2020/12/using-speakeasy-emulation-framework-programmatically-to-unpack-malware.html,blog,"threat research",/2020/12/using-speakeasy-emulation-framework-programmatically-to-unpack-malware.html
https://www.fireeye.com/blog/threat-research/2021/01/emulation-of-kernel-mode-rootkits-with-speakeasy.html,blog,"threat research",/2021/01/emulation-of-kernel-mode-rootkits-with-speakeasy.html
https://www.fireeye.com/blog/threat-research/2021/01/phishing-campaign-woff-obfuscation-telegram-communications.html,blog,"threat research",/2021/01/phishing-campaign-woff-obfuscation-telegram-communications.html
https://www.fireeye.com/blog/threat-research/2021/01/remediation-and-hardening-strategies-for-microsoft-365-to-defend-against-unc2452.html,blog,"threat research",/2021/01/remediation-and-hardening-strategies-for-microsoft-365-to-defend-against-unc2452.html
https://www.fireeye.com/blog/threat-research/2021/01/training-transformers-for-cyber-security-tasks-malicious-url-prediction.html,blog,"threat research",/2021/01/training-transformers-for-cyber-security-tasks-malicious-url-prediction.html
https://www.fireeye.com/blog/threat-research/2021/02/accellion-fta-exploited-for-data-theft-and-extortion.html,blog,"threat research",/2021/02/accellion-fta-exploited-for-data-theft-and-extortion.html
https://www.fireeye.com/blog/threat-research/2021/02/melting-unc2198-icedid-to-ransomware-operations.html,blog,"threat research",/2021/02/melting-unc2198-icedid-to-ransomware-operations.html
https://www.fireeye.com/blog/threat-research/2021/02/solarcity-exploitation-of-x2e-iot-device-part-one.html,blog,"threat research",/2021/02/solarcity-exploitation-of-x2e-iot-device-part-one.html
https://www.fireeye.com/blog/threat-research/2021/02/solarcity-exploitation-of-x2e-iot-device-part-two.html,blog,"threat research",/2021/02/solarcity-exploitation-of-x2e-iot-device-part-two.html
https://www.fireeye.com/blog/threat-research/2021/03/attacker-use-of-windows-background-intelligent-transfer-service.html,blog,"threat research",/2021/03/attacker-use-of-windows-background-intelligent-transfer-service.html
https://www.fireeye.com/blog/threat-research/2021/03/detection-response-to-exploitation-of-microsoft-exchange-zero-day-vulnerabilities.html,blog,"threat research",/2021/03/detection-response-to-exploitation-of-microsoft-exchange-zero-day-vulnerabilities.html
https://www.fireeye.com/blog/threat-research/2021/03/fuzzing-image-parsing-in-windows-uninitialized-memory.html,blog,"threat research",/2021/03/fuzzing-image-parsing-in-windows-uninitialized-memory.html
https://www.fireeye.com/blog/threat-research/2021/03/sunshuttle-second-stage-backdoor-targeting-us-based-entity.html,blog,"threat research",/2021/03/sunshuttle-second-stage-backdoor-targeting-us-based-entity.html
https://www.fireeye.com/blog/threat-research/2021/04/abusing-replication-stealing-adfs-secrets-over-the-network.html,blog,"threat research",/2021/04/abusing-replication-stealing-adfs-secrets-over-the-network.html
https://www.fireeye.com/blog/threat-research/2021/04/espionage-group-unc1151-likely-conducts-ghostwriter-influence-activity.html,blog,"threat research",/2021/04/espionage-group-unc1151-likely-conducts-ghostwriter-influence-activity.html
https://www.fireeye.com/blog/threat-research/2021/04/hacking-operational-technology-for-defense-lessons-learned.html,blog,"threat research",/2021/04/hacking-operational-technology-for-defense-lessons-learned.html
https://www.fireeye.com/blog/threat-research/2021/04/m-trends-2021-a-view-from-the-front-lines.html,blog,"threat research",/2021/04/m-trends-2021-a-view-from-the-front-lines.html
https://www.fireeye.com/blog/threat-research/2021/04/suspected-apt-actors-leverage-bypass-techniques-pulse-secure-zero-day.html,blog,"threat research",/2021/04/suspected-apt-actors-leverage-bypass-techniques-pulse-secure-zero-day.html
https://www.fireeye.com/blog/threat-research/2021/04/unc2447-sombrat-and-fivehands-ransomware-sophisticated-financial-threat.html,blog,"threat research",/2021/04/unc2447-sombrat-and-fivehands-ransomware-sophisticated-financial-threat.html
https://www.fireeye.com/blog/threat-research/2021/04/zero-day-exploits-in-sonicwall-email-security-lead-to-compromise.html,blog,"threat research",/2021/04/zero-day-exploits-in-sonicwall-email-security-lead-to-compromise.html
https://www.fireeye.com/blog/threat-research/2017/03/_antivirus_evasionr.html,blog,"threat research",/2017/03/_antivirus_evasionr.html
https://www.fireeye.com/blog/threat-research/2017/03/fin7_spear_phishing.html,blog,"threat research",/2017/03/fin7_spear_phishing.html
https://www.fireeye.com/blog/threat-research/2017/05/threat-actors-leverage-eternalblue-exploit-to-deliver-non-wannacry-payloads.html,blog,"threat research",/2017/05/threat-actors-leverage-eternalblue-exploit-to-deliver-non-wannacry-payloads.html
https://www.fireeye.com/blog/threat-research/2017/06/obfuscation-in-the-wild.html,blog,"threat research",/2017/06/obfuscation-in-the-wild.html
https://www.fireeye.com/blog/threat-research/2017/07/hawkeye-malware-distributed-in-phishing-campaign.html,blog,"threat research",/2017/07/hawkeye-malware-distributed-in-phishing-campaign.html
https://www.fireeye.com/blog/threat-research/2017/07/linux-support-for-fakenet-ng.html,blog,"threat research",/2017/07/linux-support-for-fakenet-ng.html
https://www.fireeye.com/blog/threat-research/2017/08/apt28-targets-hospitality-sector.html,blog,"threat research",/2017/08/apt28-targets-hospitality-sector.html
https://www.fireeye.com/blog/threat-research/2017/08/monitoring-windows-console-activity-part-two.html,blog,"threat research",/2017/08/monitoring-windows-console-activity-part-two.html
https://www.fireeye.com/blog/threat-research/2017/09/pywintrace-python-wrapper-for-etw.html,blog,"threat research",/2017/09/pywintrace-python-wrapper-for-etw.html
https://www.fireeye.com/blog/threat-research/2017/10/gocrack-managed-password-cracking-tool.html,blog,"threat research",/2017/10/gocrack-managed-password-cracking-tool.html
https://www.fireeye.com/blog/threat-research/2017/11/ursnif-variant-malicious-tls-callback-technique.html,blog,"threat research",/2017/11/ursnif-variant-malicious-tls-callback-technique.html
https://www.fireeye.com/blog/threat-research/2018/01/simplifying-graphs-in-ida.html,blog,"threat research",/2018/01/simplifying-graphs-in-ida.html
https://www.fireeye.com/blog/threat-research/2018/02/attacks-leveraging-adobe-zero-day.html,blog,"threat research",/2018/02/attacks-leveraging-adobe-zero-day.html
https://www.fireeye.com/blog/threat-research/2018/02/cve-2017-10271-used-to-deliver-cryptominers.html,blog,"threat research",/2018/02/cve-2017-10271-used-to-deliver-cryptominers.html
https://www.fireeye.com/blog/threat-research/2018/04/cryptocurrencies-cyber-crime-blockchain-infrastructure-use.html,blog,"threat research",/2018/04/cryptocurrencies-cyber-crime-blockchain-infrastructure-use.html
https://www.fireeye.com/blog/threat-research/2018/04/establishing-a-baseline-for-remote-desktop-protocol.html,blog,"threat research",/2018/04/establishing-a-baseline-for-remote-desktop-protocol.html
https://www.fireeye.com/blog/threat-research/2018/04/fake-software-update-abuses-netsupport-remote-access-tool.html,blog,"threat research",/2018/04/fake-software-update-abuses-netsupport-remote-access-tool.html
https://www.fireeye.com/blog/threat-research/2018/04/loading-kernel-shellcode.html,blog,"threat research",/2018/04/loading-kernel-shellcode.html
https://www.fireeye.com/blog/threat-research/2018/05/remote-authentication-geofeasibility-tool-geologonalyzer.html,blog,"threat research",/2018/05/remote-authentication-geofeasibility-tool-geologonalyzer.html
https://www.fireeye.com/blog/threat-research/2018/05/rooting-logitech-harmony-hub-improving-iot-security.html,blog,"threat research",/2018/05/rooting-logitech-harmony-hub-improving-iot-security.html
https://www.fireeye.com/blog/threat-research/2018/06/totally-tubular-treatise-on-triton-and-tristation.html,blog,"threat research",/2018/06/totally-tubular-treatise-on-triton-and-tristation.html
https://www.fireeye.com/blog/threat-research/2018/07/cryptocurrencies-cyber-crime-growth-of-miners.html,blog,"threat research",/2018/07/cryptocurrencies-cyber-crime-growth-of-miners.html
https://www.fireeye.com/blog/threat-research/2018/11/cmd-and-conquer-de-dosfuscation-with-flare-qdb.html,blog,"threat research",/2018/11/cmd-and-conquer-de-dosfuscation-with-flare-qdb.html
https://www.fireeye.com/blog/threat-research/2018/12/automating-objective-c-code-analysis-with-emulation.html,blog,"threat research",/2018/12/automating-objective-c-code-analysis-with-emulation.html
https://www.fireeye.com/blog/threat-research/2019/02/recovering-stackstrings-using-emulation-with-ironstrings.html,blog,"threat research",/2019/02/recovering-stackstrings-using-emulation-with-ironstrings.html
https://www.fireeye.com/blog/threat-research/2019/03/breaking-the-bank-weakness-in-financial-ai-applications.html,blog,"threat research",/2019/03/breaking-the-bank-weakness-in-financial-ai-applications.html
https://www.fireeye.com/blog/threat-research/2019/03/dissecting-netwire-phishing-campaign-usage-of-process-hollowing.html,blog,"threat research",/2019/03/dissecting-netwire-phishing-campaign-usage-of-process-hollowing.html
https://www.fireeye.com/blog/threat-research/2019/03/winrar-zero-day-abused-in-multiple-campaigns.html,blog,"threat research",/2019/03/winrar-zero-day-abused-in-multiple-campaigns.html
https://www.fireeye.com/blog/threat-research/2019/04/carbanak-week-part-two-continuing-source-code-analysis.html,blog,"threat research",/2019/04/carbanak-week-part-two-continuing-source-code-analysis.html
https://www.fireeye.com/blog/threat-research/2019/04/finding-weaknesses-before-the-attackers-do.html,blog,"threat research",/2019/04/finding-weaknesses-before-the-attackers-do.html
https://www.fireeye.com/blog/threat-research/2019/04/spear-phishing-campaign-targets-ukraine-government.html,blog,"threat research",/2019/04/spear-phishing-campaign-targets-ukraine-government.html
https://www.fireeye.com/blog/threat-research/2019/05/framing-the-problem-cyber-threats-and-elections.html,blog,"threat research",/2019/05/framing-the-problem-cyber-threats-and-elections.html
https://www.fireeye.com/blog/threat-research/2019/05/learning-to-rank-strings-output-for-speedier-malware-analysis.html,blog,"threat research",/2019/05/learning-to-rank-strings-output-for-speedier-malware-analysis.html
https://www.fireeye.com/blog/threat-research/2019/06/hunting-com-objects-part-two.html,blog,"threat research",/2019/06/hunting-com-objects-part-two.html
https://www.fireeye.com/blog/threat-research/2019/07/announcing-the-sixth-annual-flare-on-challenge.html,blog,"threat research",/2019/07/announcing-the-sixth-annual-flare-on-challenge.html
https://www.fireeye.com/blog/threat-research/2019/09/open-sourcing-stringsifter.html,blog,"threat research",/2019/09/open-sourcing-stringsifter.html
https://www.fireeye.com/blog/threat-research/2019/10/definitive-dossier-of-devilish-debug-details-part-deux.html,blog,"threat research",/2019/10/definitive-dossier-of-devilish-debug-details-part-deux.html
https://www.fireeye.com/blog/threat-research/2019/10/lowkey-hunting-for-the-missing-volume-serial-id.html,blog,"threat research",/2019/10/lowkey-hunting-for-the-missing-volume-serial-id.html
https://www.fireeye.com/blog/threat-research/2019/11/combatting-social-media-information-operations-neural-language-models.html,blog,"threat research",/2019/11/combatting-social-media-information-operations-neural-language-models.html
https://www.fireeye.com/blog/threat-research/2019/11/fidl-flare-ida-decompiler-library.html,blog,"threat research",/2019/11/fidl-flare-ida-decompiler-library.html
https://www.fireeye.com/blog/threat-research/2020/01/nice-try-501-ransomware-not-implemented.html,blog,"threat research",/2020/01/nice-try-501-ransomware-not-implemented.html
https://www.fireeye.com/blog/threat-research/2020/02/information-operations-fabricated-personas-to-promote-iranian-interests.html,blog,"threat research",/2020/02/information-operations-fabricated-personas-to-promote-iranian-interests.html
https://www.fireeye.com/blog/threat-research/2020/02/managed-defense-the-analytical-mindset.html,blog,"threat research",/2020/02/managed-defense-the-analytical-mindset.html
https://www.fireeye.com/blog/threat-research/2020/03/stimulus-bill-social-engineering-covid-19-financial-compensation-schemes.html,blog,"threat research",/2020/03/stimulus-bill-social-engineering-covid-19-financial-compensation-schemes.html
https://www.fireeye.com/blog/threat-research/2020/04/enabling-defenders-with-vulnerability-intelligence.html,blog,"threat research",/2020/04/enabling-defenders-with-vulnerability-intelligence.html
https://www.fireeye.com/blog/threat-research/2020/04/how-mandiant-intelligence-rates-vulnerabilities.html,blog,"threat research",/2020/04/how-mandiant-intelligence-rates-vulnerabilities.html
https://www.fireeye.com/blog/threat-research/2020/04/limited-shifts-in-cyber-threat-landscape-driven-by-covid-19.html,blog,"threat research",/2020/04/limited-shifts-in-cyber-threat-landscape-driven-by-covid-19.html
https://www.fireeye.com/blog/threat-research/2020/07/configuring-windows-domain-dynamically-analyze-obfuscated-lateral-movement-tool.html,blog,"threat research",/2020/07/configuring-windows-domain-dynamically-analyze-obfuscated-lateral-movement-tool.html
https://www.fireeye.com/blog/threat-research/2020/07/unique-threats-to-operational-technology-and-cyber-physical-systems.html,blog,"threat research",/2020/07/unique-threats-to-operational-technology-and-cyber-physical-systems.html
https://www.fireeye.com/blog/threat-research/2020/08/cookiejar-tracking-adversaries-with-fireeye-endpoint-security-module.html,blog,"threat research",/2020/08/cookiejar-tracking-adversaries-with-fireeye-endpoint-security-module.html
