a0c6f0e85cc1a8ace88fa9d1c1de98a2,"Threat Research"
f34e84cdff6a1e836082431ce2837c3b,"Mandiant Stories"
7873be22243fd996f6d479bcc82d73c2,"Mandiant Stories"
a19e92ba42e7bce0e50012ee9896a4b8,"Mandiant Stories"
c80d257f7b9cbc63012e5d44b292c391,"Mandiant Stories"
012744bdcaf642593592dd59e4289e74,"Mandiant Stories"
3036fe0173ce744854c9fbe24ee941fc,"Mandiant Stories"
08e20a4e9412a5561e984357ac194ff3,"Mandiant Stories"
68091cb801b428275a1d989ffa157733,"Mandiant Stories"
113f157015e1f814e2f9fb650c27aa7a,"Mandiant Stories"
c83c64029eecfee1696cfcdf012b531a,"Mandiant Stories"
cd0862c89a5bcdee218d9036f6a772c2,"Mandiant Stories"
0bc08343ecbd3524a2880e43926fb053,"Mandiant Stories"
011613e1067f857f236dd1ef19521699,"Mandiant Stories"
236ef29b34e47b287a651c2d83ccbb7d,"Industry Perspectives"
d28e89031750c4cc9fcdda5a114141b9,"Industry Perspectives"
a75dcc6ec7fc095afb261ca8a322f1bd,"Industry Perspectives"
95ba6c524c045c37deb07caac904cb81,"Threat Research"
b36533c983999c6e642580ec813fe17c,"Threat Research"
cb8d2a80c6a977f4d2d33d609e6f4608,"Threat Research"
dc4af19a7da44dbfeed040a503da3e98,"Threat Research"
f298d235ba051f4e17deb570905e9471,"Threat Research"
978e67a67ace28c0ad008b8d42ce1f50,"Threat Research"
69e64bfa1153c77c5116b7455d6e745a,"Threat Research"
95824f13ac8bb49a598e2fc02abc85a5,"Threat Research"
d6047de1fb2723bf6eddd05c2b55859b,"Threat Research"
d1949bef73540f9be1d25de3564535d5,"Threat Research"
e36977b4086c28f91c0bb2c6692a15f4,"Threat Research"
789c09caebc10bb9a86f01d714dcdfc2,"Threat Research"
f00fe24cd96d31caa8ea374e83d5fa7d,"Threat Research"
e50dace074b977bf8d0a383561440870,"Threat Research"
9cacaed1c3ee48ec7453bab5cabf0711,"Threat Research"
280f3aec0a6b71acf0b351097cf8afd4,"Threat Research"
ccf181d72e7988d25b12c5a986292550,"Threat Research"
5b63e1f0850b2c1b7ed189414f674045,"Threat Research"
ce227d2cd2dc8af29e56d9bf76dbba4a,"Threat Research"
25fc899e3daba259db9b394f68ea898e,"Threat Research"
b2d170633e238549fb421f4efbde5234,"Threat Research"
ddbbefdf7e0c0e51a765cd7d98bed570,"Threat Research"
c43ed5d77a795ae48a83dc916052cee6,"Threat Research"
3e4025545894de8321a654b8b7386cf6,"Threat Research"
1eb5d5fedec25734f8f321a7b99feaf5,"Threat Research"
7b86bf5ab5ad3b3afbd65c14184536dd,"Threat Research"
c4fb43389502db8d6b75b50196ef69ec,"Threat Research"
80b171e93935c86b49ebb79f294850bc,"Threat Research"
1f5cb8f5f81ec43b6cff5e5deb1c50bb,"Threat Research"
ad0d12b2fb5c668a376bdcbdc32eaf2d,"Threat Research"
be5fe5603876fb1e17c23ed9117ce33f,"Threat Research"
0541fb3eecbddc777ff315d5b48487cc,"Threat Research"
017a17485acd875b6518abadf727295b,"Threat Research"
ae8cb50b06b64ffbe3cace86bc68a8bf,"Threat Research"
5a8b6aa6efee857045269f5aa5477240,"Threat Research"
9d097061d11b9c0370d364ffda8130b1,"Threat Research"
9f1fc5094fbceadfe368217161b0003d,"Threat Research"
3c0da84c793039c2071fbadbac487dc9,"Threat Research"
804222cac3d8d94c5c62a6e53c4dab9b,"Threat Research"
cddd0e3570cdc2d191dd5341da5cc620,"Threat Research"
53f0df81e18323068501115c6e9953b0,"Threat Research"
7e81fb4c30afe8328f21db1b7733dd3f,"Threat Research"
cb4bf8c2add1f790324a7ad6ed5fa8e0,"Threat Research"
f2ffc6239f3e8050ae71aa3220288b39,"Threat Research"
db7e5194aeeb14714c2b2b0e6a09d0d4,"Threat Research"
afe8b03708fd8d34b3fbba711c1a2202,"Threat Research"
6458a46d0f165041d80de3635e494648,"Threat Research"
a4c11cdf9cc8269dc395d63a2b7fa113,"Threat Research"
edb33ae083274ad2450e852683237cd0,"Threat Research"
a962258dda9739463348e12344351938,"Threat Research"
82e581ad87fa8916e934f0722d2298cd,"Threat Research"
7b7c2eef69071f0d7c389efe17fc87dc,"Threat Research"
26fd1a4e046510e52cf065371bd4e7b1,"Threat Research"
fe6c4c32c4d351a87086f2b546dab861,"Threat Research"
8ae667c36cc5fc1a5006b4f41df4d7d5,"Threat Research"
9c009b92323bc20d72f84b83b15db9c8,"Threat Research"
2f6bd59815634c2a12323539ef7ab54a,"Threat Research"
5f25902c9462b3744fb3a3d2148ed8fd,"Threat Research"
0d869c20df4e02d618ba41675ba91fbf,"Threat Research"
3166a26e02dfe04b7a6db0a405f86596,"Threat Research"
795cf8ff78cc5740a0753e6e2b627526,"Threat Research"
4754e467754095e56e8bacb2ee3644e6,"Threat Research"
e856b11ce9a7cd2cd77aa625117e92c1,"Threat Research"
e1db11bd75af43554a00c9a203eb3077,"Threat Research"
f30ac2304e46e022f6ef8b7c429aad62,"Threat Research"
8441c6d7b40b119b8862b923e68ea1c2,"Threat Research"
35b21b000dc13a1638b36e440a0547c2,"Threat Research"
26cacb67d540701d823bcff1d20c9c9c,"Threat Research"
46c98e88c0e9d1ccdb26c6269231eb09,"Threat Research"
1035b7c3787315e0f20d7fa65a41439f,"Threat Research"
62c30fd2979beb99e4062d65799e8c2c,"Threat Research"
f3431cc183bf1d1e86c747843f9fd6e2,"Threat Research"
df023f53d7dd02356d6cb957c7e03974,"Threat Research"
e8b548b5f44d9d4bf55b9c8fdfecdbeb,"Threat Research"
75c9f3750353203da8c1fe71f3040e50,"Threat Research"
4907d2b50ea39201287aec32384b9fca,"Threat Research"
252acadc4a6f72e78ebe5514167a47e1,"Threat Research"
7c779fb508e09081fc21d327d513b31d,"Threat Research"
9639a7cd8d4a52523925278571d19443,"Threat Research"
6a78a4b863d0df3ff9d537030039378b,"Threat Research"
9bb2a1fa4c55efdb660da6e2efafbe09,"Threat Research"
94ecf7df176a649b1ec2a88aea294156,"Threat Research"
1f57c57715a66865c57950b092fe2856,"Threat Research"
fc082227369c5cb15cf9236204a9f909,"Threat Research"
4eceff09b68e6cd89bc3e510d02b0b4a,"Threat Research"
9dc171b37d3cfdccf73d5f5a633e18be,"Threat Research"
757fd7ede551212354daf63bf9d0a273,"Threat Research"
e40f73bbd7ce7172fecc953fb3c812eb,"Threat Research"
d5116d40976af41ccde82f3dc3345b93,"Threat Research"
45d5d4f0c061d29b6def60662e49cd8e,"Threat Research"
f5a8c6d293c80a5cb150717270238b02,"Threat Research"
0e17bac374d226ffb73ac40633aff9bf,"Threat Research"
9819210517bd05aae8488931075e37fd,"Threat Research"
eaccf598bb2c621ee7eca7a1cc317592,"Threat Research"
dbcd2bfb0cff749c6587f191dca1813f,"Threat Research"
81f49e40efed049ab9b05d3946f9e9c2,"Threat Research"
101f224b938462b441f7d4d47237ddab,"Threat Research"
acc0ef00c3394dc7c89bf5c6c2917476,"Threat Research"
4ac3807995280cbc6df2ae095f16b1c4,"Threat Research"
652d32fc39faebd5ddb97cb598c698c7,"Threat Research"
1925ad7a8abc8dd0f33d3109d995832c,"Threat Research"
fee13ec89093d429d27ceaa1e838db23,"Threat Research"
fe90531e935ce1989a2581dd591656be,"Threat Research"
095816a7f3462a9dd77689ff91005c06,"Threat Research"
458aea2544969de0fc68fa4661268796,"Threat Research"
cf0bdd7f7abcc023832fa040c629591a,"Threat Research"
4c7182484b2d317ed263017ca41df157,"Threat Research"
ac841dcd919eebf0f5813bbc0bc75ec4,"Threat Research"
ad8f4490810f094c6b63c5664e39a590,"Threat Research"
1e61caf0f02dbcfdac56890e9df0d346,"Threat Research"
e73e6614d8afdd948c875ac31c4a3ec4,"Threat Research"
ef07892abf5403daf8d63779dd7ae02e,"Threat Research"
e230d167a2dd48d6eb6cbc5441608ae6,"Threat Research"
bf45dc6755eb8757e5e05ece8deb6bda,"Threat Research"
68b7eb3d5ef4c0a3aa1e38b7c6f350cd,"Threat Research"
bd2756e8e38698114ab40520f02473b2,"Threat Research"
31567332f149860dc98a6511c09adc52,"Threat Research"
df4bb88a73775eaf856e55e6fbd2b49b,"Threat Research"
dbba141ae42a8d3216c9ce2ba83d40da,"Threat Research"
caa2d50418d6ea32bd6df1e5bb79c9da,"Threat Research"
4645c7ad807e04aa48edd1bee177a4bc,"Threat Research"
202995392faa35572eb3844268be52c5,"Threat Research"
4beedf2d3bba0eec42c8899ecf5d14d9,"Threat Research"
fe6616a1e8dd0113cc66905a75f411be,"Threat Research"
9a92128674c5c932d46ea9dbd7c66da1,"Threat Research"
c7bc16d08794564139f6f7eadf84988c,"Threat Research"
2cce9556a91ede75b8196080005836b4,"Threat Research"
b189aa8933bc17c5ebb90cdcbb314628,"Threat Research"
6a09eb21b165a5146781eae04270ced2,"Threat Research"
681a310f0b92e5de8caca92e960fa007,"Threat Research"
87e607e2ee63de341850bc48575ae9ab,"Threat Research"
c9c28a8fec3ad35490d46fbb056a5229,"Threat Research"
aac0d30f33a9c82e81181ef6c99eeb0d,"Threat Research"
1d6a361d9a66cd6cbdbfeaf614147ae6,"Threat Research"
2e06babff030eac9ad3c1c40c12dc826,"Threat Research"
780149e3d1b895d7e767abeae920c278,"Threat Research"
fd2f39b2996f9c14bc343c391c4cee15,"Threat Research"
e035ca0ef4fa19e8f8e4419eaac4da70,"Threat Research"
781a28463e4b1d4f2c01a9b5107ac652,"Threat Research"
e2132b473d974f1e9c62f36afa066f73,"Threat Research"
53f2b5ddbbde5d1985f71157fb410f50,"Threat Research"
3f3ede9447b0f9ca874ba3172719fbb6,"Threat Research"
48ad4bdcf05fb9b562987bd8a8f60f1f,"Threat Research"
a4b5d1484e667ce9d66e325902cb5d84,"Threat Research"
855e135d5800e3c7d773197da96b6ba3,"Threat Research"
7d57bf933c70243f9cd57e40c0899489,"Threat Research"
e202dc8c70437680a6ad4e3b548291dc,"Threat Research"
97702ada3ecc9b75c8f1e165721fff4d,"Threat Research"
7792afdcef05cedf6d95e4027be69d5f,"Threat Research"
29d8471de8f4ceb311c34bedd731bafe,"Threat Research"
9d6eddff88d840d6372cafe5f1d9ebd2,"Threat Research"
2df92ffedaa56f642c34b9c6948788f3,"Threat Research"
9b8c0e5d097ab12a7c5e568067c52304,"Threat Research"
c6e90a49e934b2ba2ca8be7ddf32371e,"Threat Research"
8f05bb7f2da52098b6fee33fcdd35e06,"Threat Research"
fe7daddf7181382d885e9e928fab369e,"Threat Research"
a1aa093dd03b8e2638acb4986fb511ee,"Threat Research"
edcb041808c3b5dedafe02e8161f41fe,"Threat Research"
a66e032208f4a2bbe4ccf5f1c1c37d9a,"Threat Research"
f43e5296d2764b9fbb8c2187eb82a3e3,"Threat Research"
f13378773301014bb6d0edb2f32680bb,"Threat Research"
ca87a3a6073ec8a905d8e13b85fe123b,"Threat Research"
1815eeda5caf87ef847677ec0824143b,"Threat Research"
c26788c9a59414ded341a15871b56507,"Threat Research"
9f16195615ce671a3b2a224e916940ac,"Threat Research"
66aaf33f9a50834e242999d25b9162aa,"Threat Research"
9fe0ff0f2ee0e6c6a162063d6223ba94,"Threat Research"
84efeb2c4f507d9d0d8d939886e60c46,"Threat Research"
1651f546a5e828e32b14898d5b7f55d0,"Threat Research"
6566906ad2e08d6adfe9467ee1b07f62,"Threat Research"
77c3e272a44c3479789bd6d75994da76,"Threat Research"
d1022273b2d4b8d326a7d64c6c3608ca,"Threat Research"
a27333adbea651821e26f705ceaef186,"Threat Research"
29a1bb32a63298021765e99f7fa57a66,"Threat Research"
790f9bd68a7ec4def90b42327f21cea5,"Threat Research"
b557d91c2dbcc5d060eb99449ecc436f,"Threat Research"
dc05a4eb7c2f385ad616358e1582a011,"Threat Research"
f361678bab54ba6441f28de8f3da114c,"Threat Research"
95d0bc975d3ec3899816b616e968b8cc,"Threat Research"
84ab084bb203c39544463e288d5fe1c8,"Threat Research"
47c363181186fe9aea2cb1a9a5e80eae,"Threat Research"
8b45948d8736823dcddea6272d4133dd,"Threat Research"
ceadcbf0efa7440c19e075468838ba64,"Threat Research"
d4b2354e5c15e1292c6ecc36a11e1296,"Threat Research"
714edd1e12df245c3616a6c3ea3b0fb6,"Threat Research"
361ee4f2273a5d0ca5609c43a81369d9,"Threat Research"
ce1fb22305fadb5197c2318c7d8540df,"Threat Research"
f23c4ea61937c46f0af81f4325428f7d,"Threat Research"
14c3fc7ddf94b6bf3e5663a844afccc2,"Threat Research"
d358e2193318cff1d4fcdd67df4734e2,"Threat Research"
dcfe0ba3867d771a9ce8f3150fd4d23f,"Threat Research"
f6b53c92399c09bfc08dde86c425bb0a,"Threat Research"
3c5a7b174b8ad0189f7289f026c94abb,"Threat Research"
b3ef8d92eac7d3cba0d12a6a713d49e6,"Threat Research"
550aa5bcf227c6e13712786a036cc41d,"Threat Research"
5f5f113dc35c51c6867d0d2901b1b644,"Threat Research"
2e0330355045266103abc89cba2a7edb,"Threat Research"
7068fd21259692028c1b296eeb0e6066,"Threat Research"
18c16abaed468765b8c9f82556099c42,"Threat Research"
44f19a6292f0281b0bdc3d09fbe262a5,"Threat Research"
fd3a8064bda19fcfe2e21661e6be35fa,"Threat Research"
1bc1e624540c4d7730e79d9083e8f8fd,"Threat Research"
0b207af30a0d2558e9b29a7540252e29,"Threat Research"
d89d27c8fc75ce84a10c7a10093d66ff,"Threat Research"
3c0334f1d826b34098a01bb84ae0ac4b,"Threat Research"
b75d56ab539d115f2769f82059e4adc2,"Threat Research"
42a3dbefe3ce46d2106acd370192133d,"Threat Research"
9e31991b353306e7547b29ce4b938ddb,"Threat Research"
074bfc175dffeba4ee697de64c860578,"Threat Research"
ad551f6ca2043fe16111ee50fb463994,"Threat Research"
1a61fc000a1be5dd0c4d94c0cc543e84,"Threat Research"
787ad641e6dbfe9bedcf9a74520037c6,"Threat Research"
60b67849e9e21a881bcf65d71e54c987,"Threat Research"
cad55e38f8680a50d68737de0755ac56,"Threat Research"
34cf132bc71fcc775ccdd2cf7c8f7ee7,"Threat Research"
61f872aabdf8315dd165a6f8333d4a59,"Threat Research"
f87eda440abb317e09f9be414436e370,"Threat Research"
9fea8ff6e9f53a8b48cf57078b0f83fc,"Threat Research"
1407e34342ac389526651d17154de22f,"Threat Research"
da0de3ee49de6285afd416213e8edf81,"Threat Research"
abbfd13562d800f89fa638fa134636e8,"Threat Research"
afe25305ef33adf2ddcee24ea57d68fa,"Threat Research"
1ef3aa07c10e21dbe8bb0cf29532e970,"Threat Research"
a9cd61e3fd1221cb5967457b008e9d49,"Threat Research"
bf2430a4c45f55d4ebf4b6b56098b409,"Threat Research"
e6d353eb51dca5d5bb8e021228b30e18,"Threat Research"
2762cd018b4785f4f5f70cd0a24cacdd,"Threat Research"
fd24b50a9a74b8ac92d4e4371e92d0bf,"Threat Research"
37b1c20c3a8e9df9e9defc3e48a4ded6,"Threat Research"
fcf886300380f2de5ccbe27b03d1f671,"Threat Research"
aa273b7b25256a7b876e47c5682e4a68,"Threat Research"
3ac5fa95ce422d7c0de5828badd151a4,"Threat Research"
774293ff6ae40ae24acecbcdf133e576,"Threat Research"
e2be937291957a73e023636e3531d8d9,"Threat Research"
1800328e1a3e38ea7998426099913b8c,"Threat Research"
2a1485f5f5f3ea85bfc05137ca4159fc,"Threat Research"
31fc6411e576cf7b637dd5524071e6b1,"Threat Research"
dfa9d0c5135177207e74653c07183c01,"Threat Research"
d0e5e2aa895cd23e8238561b7a0ff551,"Threat Research"
ad869415bc42d5384876411c238595a7,"Threat Research"
a1d3ec3b81dfb60b4d1390d45e4b679a,"Threat Research"
8e5952b3bc43d84950ec595f35c5d137,"Threat Research"
5338713d6e632aa8c30529a8e90ac410,"Threat Research"
60b758342f187331ee86635264cdb86f,"Threat Research"
c8b0f197580c6c255b2978804583a6ba,"Threat Research"
5fdb4b26a23d91f92b5e8e0fe6a4dc5b,"Threat Research"
9d7b2b52c987a8a64a9ff344e63aeb32,"Threat Research"
